emulator,label,build,metric,runs,mean_ticks_avg,mean_ticks_min,mean_ticks_max,mean_ticks_stdev,total_ticks_spread_percent,over_budget_total,all_pass,checksum_set,status_set
desmume,canvas-arm-o2,bench-nds-hw-arm-canvas-o2,behavior_pass,2,1.00,1,1,0.00,0.000000,0,1,8c4d9050,124
desmume,canvas-arm-o2,bench-nds-hw-arm-canvas-o2,benchmark_started,2,1.00,1,1,0.00,0.000000,0,1,00000000,124
desmume,canvas-arm-o2,bench-nds-hw-arm-canvas-o2,file_output_ready,2,0.00,0,0,0.00,0.000000,0,1,00000000,124
desmume,canvas-arm-o2,bench-nds-hw-arm-canvas-o2,frame_over_1pct_count,2,0.00,0,0,0.00,0.000000,0,1,8c4d9050,124
desmume,canvas-arm-o2,bench-nds-hw-arm-canvas-o2,frame_over_2x_count,2,0.00,0,0,0.00,0.000000,0,1,8c4d9050,124
desmume,canvas-arm-o2,bench-nds-hw-arm-canvas-o2,frame_total,2,556756.00,556756,556756,0.00,0.000000,456,1,8c4d9050,124
desmume,canvas-arm-o2,bench-nds-hw-arm-canvas-o2,hit_test,2,1728.00,1728,1728,0.00,0.000000,0,1,d82df0ac,124
desmume,canvas-arm-o2,bench-nds-hw-arm-canvas-o2,hit_test_heap_delta_bytes,2,0.00,0,0,0.00,0.000000,0,1,d82df0ac,124
desmume,canvas-arm-o2,bench-nds-hw-arm-canvas-o2,hit_test_heap_fixed_pass,2,1.00,1,1,0.00,0.000000,0,1,d82df0ac,124
desmume,canvas-arm-o2,bench-nds-hw-arm-canvas-o2,line_quads_rendered,2,22549.00,22549,22549,0.00,0.000000,0,1,8c4d9050,124
desmume,canvas-arm-o2,bench-nds-hw-arm-canvas-o2,overall_pass,2,1.00,1,1,0.00,0.000000,0,1,8c4d9050,124
desmume,canvas-arm-o2,bench-nds-hw-arm-canvas-o2,physics_step,2,221356.00,221356,221356,0.00,0.000000,0,1,8c4d9050,124
desmume,canvas-arm-o2,bench-nds-hw-arm-canvas-o2,render_begin,2,993.00,993,993,0.00,0.000000,0,1,8c4d9050,124
desmume,canvas-arm-o2,bench-nds-hw-arm-canvas-o2,render_canvas,2,333331.00,333331,333331,0.00,0.000000,0,1,8c4d9050,124
desmume,canvas-arm-o2,bench-nds-hw-arm-canvas-o2,render_end,2,129.00,129,129,0.00,0.000000,0,1,8c4d9050,124
desmume,canvas-arm-o2,bench-nds-hw-arm-canvas-o2,render_frame,2,334768.00,334768,334768,0.00,0.000000,0,1,8c4d9050,124
desmume,canvas-arm-o2,bench-nds-hw-arm-canvas-o2,scene_position_sum_x,2,2995.00,2995,2995,0.00,0.000000,0,1,d8635f64,124
desmume,canvas-arm-o2,bench-nds-hw-arm-canvas-o2,scene_position_sum_y,2,1943.00,1943,1943,0.00,0.000000,0,1,d8635f64,124
desmume,canvas-arm-o2,bench-nds-hw-arm-canvas-o2,scene_things_created,2,27.00,27,27,0.00,0.000000,0,1,d8635f64,124
desmume,canvas-arm-o2,bench-nds-hw-arm-canvas-o2,things_final,2,27.00,27,27,0.00,0.000000,0,1,8c4d9050,124
desmume,canvas-arm-o2,bench-nds-hw-arm-canvas-o2,timer_read_overhead_ticks,2,13.00,13,13,0.00,0.000000,0,1,00000000,124
desmume,canvas-arm-o2,bench-nds-hw-arm-canvas-o2,touch_create_and_drag,2,10974.00,10974,10974,0.00,0.000000,0,1,d8635f64,124
desmume,canvas-arm-o2,bench-nds-hw-arm-canvas-o2,visible_things_rendered,2,5166.00,5166,5166,0.00,0.000000,0,1,8c4d9050,124
desmume,canvas-thumb-o2,bench-nds-hw-arm-canvas-thumb-o2,behavior_pass,2,1.00,1,1,0.00,0.000000,0,1,8c4d9050,124
desmume,canvas-thumb-o2,bench-nds-hw-arm-canvas-thumb-o2,benchmark_started,2,1.00,1,1,0.00,0.000000,0,1,00000000,124
desmume,canvas-thumb-o2,bench-nds-hw-arm-canvas-thumb-o2,file_output_ready,2,0.00,0,0,0.00,0.000000,0,1,00000000,124
desmume,canvas-thumb-o2,bench-nds-hw-arm-canvas-thumb-o2,frame_over_1pct_count,2,0.00,0,0,0.00,0.000000,0,1,8c4d9050,124
desmume,canvas-thumb-o2,bench-nds-hw-arm-canvas-thumb-o2,frame_over_2x_count,2,0.00,0,0,0.00,0.000000,0,1,8c4d9050,124
desmume,canvas-thumb-o2,bench-nds-hw-arm-canvas-thumb-o2,frame_total,2,556629.00,556629,556629,0.00,0.000000,456,1,8c4d9050,124
desmume,canvas-thumb-o2,bench-nds-hw-arm-canvas-thumb-o2,hit_test,2,1690.00,1690,1690,0.00,0.000000,0,1,d82df0ac,124
desmume,canvas-thumb-o2,bench-nds-hw-arm-canvas-thumb-o2,hit_test_heap_delta_bytes,2,0.00,0,0,0.00,0.000000,0,1,d82df0ac,124
desmume,canvas-thumb-o2,bench-nds-hw-arm-canvas-thumb-o2,hit_test_heap_fixed_pass,2,1.00,1,1,0.00,0.000000,0,1,d82df0ac,124
desmume,canvas-thumb-o2,bench-nds-hw-arm-canvas-thumb-o2,line_quads_rendered,2,22549.00,22549,22549,0.00,0.000000,0,1,8c4d9050,124
desmume,canvas-thumb-o2,bench-nds-hw-arm-canvas-thumb-o2,overall_pass,2,1.00,1,1,0.00,0.000000,0,1,8c4d9050,124
desmume,canvas-thumb-o2,bench-nds-hw-arm-canvas-thumb-o2,physics_step,2,222144.00,222144,222144,0.00,0.000000,0,1,8c4d9050,124
desmume,canvas-thumb-o2,bench-nds-hw-arm-canvas-thumb-o2,render_begin,2,960.00,960,960,0.00,0.000000,0,1,8c4d9050,124
desmume,canvas-thumb-o2,bench-nds-hw-arm-canvas-thumb-o2,render_canvas,2,332422.00,332422,332422,0.00,0.000000,0,1,8c4d9050,124
desmume,canvas-thumb-o2,bench-nds-hw-arm-canvas-thumb-o2,render_end,2,153.00,153,153,0.00,0.000000,0,1,8c4d9050,124
desmume,canvas-thumb-o2,bench-nds-hw-arm-canvas-thumb-o2,render_frame,2,333851.00,333851,333851,0.00,0.000000,0,1,8c4d9050,124
desmume,canvas-thumb-o2,bench-nds-hw-arm-canvas-thumb-o2,scene_position_sum_x,2,2995.00,2995,2995,0.00,0.000000,0,1,d8635f64,124
desmume,canvas-thumb-o2,bench-nds-hw-arm-canvas-thumb-o2,scene_position_sum_y,2,1943.00,1943,1943,0.00,0.000000,0,1,d8635f64,124
desmume,canvas-thumb-o2,bench-nds-hw-arm-canvas-thumb-o2,scene_things_created,2,27.00,27,27,0.00,0.000000,0,1,d8635f64,124
desmume,canvas-thumb-o2,bench-nds-hw-arm-canvas-thumb-o2,things_final,2,27.00,27,27,0.00,0.000000,0,1,8c4d9050,124
desmume,canvas-thumb-o2,bench-nds-hw-arm-canvas-thumb-o2,timer_read_overhead_ticks,2,14.00,14,14,0.00,0.000000,0,1,00000000,124
desmume,canvas-thumb-o2,bench-nds-hw-arm-canvas-thumb-o2,touch_create_and_drag,2,10926.00,10926,10926,0.00,0.000000,0,1,d8635f64,124
desmume,canvas-thumb-o2,bench-nds-hw-arm-canvas-thumb-o2,visible_things_rendered,2,5166.00,5166,5166,0.00,0.000000,0,1,8c4d9050,124
desmume,combined,bench-nds-hw-arm-backport-combined,behavior_pass,2,1.00,1,1,0.00,0.000000,0,1,8c4d9050,124
desmume,combined,bench-nds-hw-arm-backport-combined,benchmark_started,2,1.00,1,1,0.00,0.000000,0,1,00000000,124
desmume,combined,bench-nds-hw-arm-backport-combined,file_output_ready,2,0.00,0,0,0.00,0.000000,0,1,00000000,124
desmume,combined,bench-nds-hw-arm-backport-combined,frame_over_1pct_count,2,0.00,0,0,0.00,0.000000,0,1,8c4d9050,124
desmume,combined,bench-nds-hw-arm-backport-combined,frame_over_2x_count,2,0.00,0,0,0.00,0.000000,0,1,8c4d9050,124
desmume,combined,bench-nds-hw-arm-backport-combined,frame_total,2,556700.00,556700,556700,0.00,0.000000,456,1,8c4d9050,124
desmume,combined,bench-nds-hw-arm-backport-combined,hit_test,2,1787.00,1787,1787,0.00,0.000000,0,1,d82df0ac,124
desmume,combined,bench-nds-hw-arm-backport-combined,hit_test_heap_delta_bytes,2,0.00,0,0,0.00,0.000000,0,1,d82df0ac,124
desmume,combined,bench-nds-hw-arm-backport-combined,hit_test_heap_fixed_pass,2,1.00,1,1,0.00,0.000000,0,1,d82df0ac,124
desmume,combined,bench-nds-hw-arm-backport-combined,line_quads_rendered,2,22549.00,22549,22549,0.00,0.000000,0,1,8c4d9050,124
desmume,combined,bench-nds-hw-arm-backport-combined,overall_pass,2,1.00,1,1,0.00,0.000000,0,1,8c4d9050,124
desmume,combined,bench-nds-hw-arm-backport-combined,physics_step,2,193397.00,193397,193397,0.00,0.000000,0,1,8c4d9050,124
desmume,combined,bench-nds-hw-arm-backport-combined,render_begin,2,959.00,959,959,0.00,0.000000,0,1,8c4d9050,124
desmume,combined,bench-nds-hw-arm-backport-combined,render_canvas,2,361263.00,361263,361263,0.00,0.000000,0,1,8c4d9050,124
desmume,combined,bench-nds-hw-arm-backport-combined,render_end,2,157.00,157,157,0.00,0.000000,0,1,8c4d9050,124
desmume,combined,bench-nds-hw-arm-backport-combined,render_frame,2,362720.00,362720,362720,0.00,0.000000,0,1,8c4d9050,124
desmume,combined,bench-nds-hw-arm-backport-combined,scene_position_sum_x,2,2995.00,2995,2995,0.00,0.000000,0,1,d8635f64,124
desmume,combined,bench-nds-hw-arm-backport-combined,scene_position_sum_y,2,1943.00,1943,1943,0.00,0.000000,0,1,d8635f64,124
desmume,combined,bench-nds-hw-arm-backport-combined,scene_things_created,2,27.00,27,27,0.00,0.000000,0,1,d8635f64,124
desmume,combined,bench-nds-hw-arm-backport-combined,things_final,2,27.00,27,27,0.00,0.000000,0,1,8c4d9050,124
desmume,combined,bench-nds-hw-arm-backport-combined,timer_read_overhead_ticks,2,14.00,14,14,0.00,0.000000,0,1,00000000,124
desmume,combined,bench-nds-hw-arm-backport-combined,touch_create_and_drag,2,10381.00,10381,10381,0.00,0.000000,0,1,d8635f64,124
desmume,combined,bench-nds-hw-arm-backport-combined,visible_things_rendered,2,5166.00,5166,5166,0.00,0.000000,0,1,8c4d9050,124
desmume,ds-arm,bench-nds-hw-arm,behavior_pass,2,1.00,1,1,0.00,0.000000,0,1,8c4d9050,124
desmume,ds-arm,bench-nds-hw-arm,benchmark_started,2,1.00,1,1,0.00,0.000000,0,1,00000000,124
desmume,ds-arm,bench-nds-hw-arm,file_output_ready,2,0.00,0,0,0.00,0.000000,0,1,00000000,124
desmume,ds-arm,bench-nds-hw-arm,frame_over_1pct_count,2,0.00,0,0,0.00,0.000000,0,1,8c4d9050,124
desmume,ds-arm,bench-nds-hw-arm,frame_over_2x_count,2,0.00,0,0,0.00,0.000000,0,1,8c4d9050,124
desmume,ds-arm,bench-nds-hw-arm,frame_total,2,556702.00,556702,556702,0.00,0.000000,456,1,8c4d9050,124
desmume,ds-arm,bench-nds-hw-arm,hit_test,2,1901.00,1901,1901,0.00,0.000000,0,1,d82df0ac,124
desmume,ds-arm,bench-nds-hw-arm,hit_test_heap_delta_bytes,2,0.00,0,0,0.00,0.000000,0,1,d82df0ac,124
desmume,ds-arm,bench-nds-hw-arm,hit_test_heap_fixed_pass,2,1.00,1,1,0.00,0.000000,0,1,d82df0ac,124
desmume,ds-arm,bench-nds-hw-arm,line_quads_rendered,2,22549.00,22549,22549,0.00,0.000000,0,1,8c4d9050,124
desmume,ds-arm,bench-nds-hw-arm,overall_pass,2,1.00,1,1,0.00,0.000000,0,1,8c4d9050,124
desmume,ds-arm,bench-nds-hw-arm,physics_step,2,218894.00,218894,218894,0.00,0.000000,0,1,8c4d9050,124
desmume,ds-arm,bench-nds-hw-arm,render_begin,2,986.00,986,986,0.00,0.000000,0,1,8c4d9050,124
desmume,ds-arm,bench-nds-hw-arm,render_canvas,2,335775.00,335775,335775,0.00,0.000000,0,1,8c4d9050,124
desmume,ds-arm,bench-nds-hw-arm,render_end,2,130.00,130,130,0.00,0.000000,0,1,8c4d9050,124
desmume,ds-arm,bench-nds-hw-arm,render_frame,2,337232.00,337232,337232,0.00,0.000000,0,1,8c4d9050,124
desmume,ds-arm,bench-nds-hw-arm,scene_position_sum_x,2,2995.00,2995,2995,0.00,0.000000,0,1,d8635f64,124
desmume,ds-arm,bench-nds-hw-arm,scene_position_sum_y,2,1943.00,1943,1943,0.00,0.000000,0,1,d8635f64,124
desmume,ds-arm,bench-nds-hw-arm,scene_things_created,2,27.00,27,27,0.00,0.000000,0,1,d8635f64,124
desmume,ds-arm,bench-nds-hw-arm,things_final,2,27.00,27,27,0.00,0.000000,0,1,8c4d9050,124
desmume,ds-arm,bench-nds-hw-arm,timer_read_overhead_ticks,2,14.00,14,14,0.00,0.000000,0,1,00000000,124
desmume,ds-arm,bench-nds-hw-arm,touch_create_and_drag,2,10831.00,10831,10831,0.00,0.000000,0,1,d8635f64,124
desmume,ds-arm,bench-nds-hw-arm,visible_things_rendered,2,5166.00,5166,5166,0.00,0.000000,0,1,8c4d9050,124
desmume,ds-arm-fast,bench-nds-hw-arm-fast,behavior_pass,2,1.00,1,1,0.00,0.000000,0,1,8c4d9050,124
desmume,ds-arm-fast,bench-nds-hw-arm-fast,benchmark_started,2,1.00,1,1,0.00,0.000000,0,1,00000000,124
desmume,ds-arm-fast,bench-nds-hw-arm-fast,file_output_ready,2,0.00,0,0,0.00,0.000000,0,1,00000000,124
desmume,ds-arm-fast,bench-nds-hw-arm-fast,frame_over_1pct_count,2,0.00,0,0,0.00,0.000000,0,1,8c4d9050,124
desmume,ds-arm-fast,bench-nds-hw-arm-fast,frame_over_2x_count,2,0.00,0,0,0.00,0.000000,0,1,8c4d9050,124
desmume,ds-arm-fast,bench-nds-hw-arm-fast,frame_total,2,556800.00,556800,556800,0.00,0.000000,456,1,8c4d9050,124
desmume,ds-arm-fast,bench-nds-hw-arm-fast,hit_test,2,1815.00,1815,1815,0.00,0.000000,0,1,d82df0ac,124
desmume,ds-arm-fast,bench-nds-hw-arm-fast,hit_test_heap_delta_bytes,2,0.00,0,0,0.00,0.000000,0,1,d82df0ac,124
desmume,ds-arm-fast,bench-nds-hw-arm-fast,hit_test_heap_fixed_pass,2,1.00,1,1,0.00,0.000000,0,1,d82df0ac,124
desmume,ds-arm-fast,bench-nds-hw-arm-fast,line_quads_rendered,2,22549.00,22549,22549,0.00,0.000000,0,1,8c4d9050,124
desmume,ds-arm-fast,bench-nds-hw-arm-fast,overall_pass,2,1.00,1,1,0.00,0.000000,0,1,8c4d9050,124
desmume,ds-arm-fast,bench-nds-hw-arm-fast,physics_step,2,225116.00,225116,225116,0.00,0.000000,0,1,8c4d9050,124
desmume,ds-arm-fast,bench-nds-hw-arm-fast,render_begin,2,997.00,997,997,0.00,0.000000,0,1,8c4d9050,124
desmume,ds-arm-fast,bench-nds-hw-arm-fast,render_canvas,2,329629.00,329629,329629,0.00,0.000000,0,1,8c4d9050,124
desmume,ds-arm-fast,bench-nds-hw-arm-fast,render_end,2,108.00,108,108,0.00,0.000000,0,1,8c4d9050,124
desmume,ds-arm-fast,bench-nds-hw-arm-fast,render_frame,2,331094.00,331094,331094,0.00,0.000000,0,1,8c4d9050,124
desmume,ds-arm-fast,bench-nds-hw-arm-fast,scene_position_sum_x,2,2995.00,2995,2995,0.00,0.000000,0,1,d8635f64,124
desmume,ds-arm-fast,bench-nds-hw-arm-fast,scene_position_sum_y,2,1943.00,1943,1943,0.00,0.000000,0,1,d8635f64,124
desmume,ds-arm-fast,bench-nds-hw-arm-fast,scene_things_created,2,27.00,27,27,0.00,0.000000,0,1,d8635f64,124
desmume,ds-arm-fast,bench-nds-hw-arm-fast,things_final,2,27.00,27,27,0.00,0.000000,0,1,8c4d9050,124
desmume,ds-arm-fast,bench-nds-hw-arm-fast,timer_read_overhead_ticks,2,13.00,13,13,0.00,0.000000,0,1,00000000,124
desmume,ds-arm-fast,bench-nds-hw-arm-fast,touch_create_and_drag,2,10850.00,10850,10850,0.00,0.000000,0,1,d8635f64,124
desmume,ds-arm-fast,bench-nds-hw-arm-fast,visible_things_rendered,2,5166.00,5166,5166,0.00,0.000000,0,1,8c4d9050,124
desmume,ds-thumb-fast,bench-nds-hw-thumb-fast,behavior_pass,2,1.00,1,1,0.00,0.000000,0,1,8c4d9050,124
desmume,ds-thumb-fast,bench-nds-hw-thumb-fast,benchmark_started,2,1.00,1,1,0.00,0.000000,0,1,00000000,124
desmume,ds-thumb-fast,bench-nds-hw-thumb-fast,file_output_ready,2,0.00,0,0,0.00,0.000000,0,1,00000000,124
desmume,ds-thumb-fast,bench-nds-hw-thumb-fast,frame_over_1pct_count,2,9.00,9,9,0.00,0.000000,0,0,8c4d9050,124
desmume,ds-thumb-fast,bench-nds-hw-thumb-fast,frame_over_2x_count,2,0.00,0,0,0.00,0.000000,0,1,8c4d9050,124
desmume,ds-thumb-fast,bench-nds-hw-thumb-fast,frame_total,2,556801.00,556801,556801,0.00,0.000000,428,1,8c4d9050,124
desmume,ds-thumb-fast,bench-nds-hw-thumb-fast,hit_test,2,2142.00,2142,2142,0.00,0.000000,0,1,d82df0ac,124
desmume,ds-thumb-fast,bench-nds-hw-thumb-fast,hit_test_heap_delta_bytes,2,0.00,0,0,0.00,0.000000,0,1,d82df0ac,124
desmume,ds-thumb-fast,bench-nds-hw-thumb-fast,hit_test_heap_fixed_pass,2,1.00,1,1,0.00,0.000000,0,1,d82df0ac,124
desmume,ds-thumb-fast,bench-nds-hw-thumb-fast,line_quads_rendered,2,22549.00,22549,22549,0.00,0.000000,0,1,8c4d9050,124
desmume,ds-thumb-fast,bench-nds-hw-thumb-fast,overall_pass,2,1.00,1,1,0.00,0.000000,0,1,8c4d9050,124
desmume,ds-thumb-fast,bench-nds-hw-thumb-fast,physics_step,2,380841.00,380841,380841,0.00,0.000000,0,1,8c4d9050,124
desmume,ds-thumb-fast,bench-nds-hw-thumb-fast,render_begin,2,937.00,937,937,0.00,0.000000,0,1,8c4d9050,124
desmume,ds-thumb-fast,bench-nds-hw-thumb-fast,render_canvas,2,173962.00,173962,173962,0.00,0.000000,0,1,8c4d9050,124
desmume,ds-thumb-fast,bench-nds-hw-thumb-fast,render_end,2,159.00,159,159,0.00,0.000000,0,1,8c4d9050,124
desmume,ds-thumb-fast,bench-nds-hw-thumb-fast,render_frame,2,175361.00,175361,175361,0.00,0.000000,0,1,8c4d9050,124
desmume,ds-thumb-fast,bench-nds-hw-thumb-fast,scene_position_sum_x,2,2995.00,2995,2995,0.00,0.000000,0,1,d8635f64,124
desmume,ds-thumb-fast,bench-nds-hw-thumb-fast,scene_position_sum_y,2,1943.00,1943,1943,0.00,0.000000,0,1,d8635f64,124
desmume,ds-thumb-fast,bench-nds-hw-thumb-fast,scene_things_created,2,27.00,27,27,0.00,0.000000,0,1,d8635f64,124
desmume,ds-thumb-fast,bench-nds-hw-thumb-fast,things_final,2,27.00,27,27,0.00,0.000000,0,1,8c4d9050,124
desmume,ds-thumb-fast,bench-nds-hw-thumb-fast,timer_read_overhead_ticks,2,14.00,14,14,0.00,0.000000,0,1,00000000,124
desmume,ds-thumb-fast,bench-nds-hw-thumb-fast,touch_create_and_drag,2,11696.00,11696,11696,0.00,0.000000,0,1,d8635f64,124
desmume,ds-thumb-fast,bench-nds-hw-thumb-fast,visible_things_rendered,2,5166.00,5166,5166,0.00,0.000000,0,1,8c4d9050,124
desmume,ds-thumb-fast-nolto,bench-nds-hw-thumb-fast-nolto,behavior_pass,2,1.00,1,1,0.00,0.000000,0,1,8c4d9050,124
desmume,ds-thumb-fast-nolto,bench-nds-hw-thumb-fast-nolto,benchmark_started,2,1.00,1,1,0.00,0.000000,0,1,00000000,124
desmume,ds-thumb-fast-nolto,bench-nds-hw-thumb-fast-nolto,file_output_ready,2,0.00,0,0,0.00,0.000000,0,1,00000000,124
desmume,ds-thumb-fast-nolto,bench-nds-hw-thumb-fast-nolto,frame_over_1pct_count,2,13.00,13,13,0.00,0.000000,0,0,8c4d9050,124
desmume,ds-thumb-fast-nolto,bench-nds-hw-thumb-fast-nolto,frame_over_2x_count,2,0.00,0,0,0.00,0.000000,0,1,8c4d9050,124
desmume,ds-thumb-fast-nolto,bench-nds-hw-thumb-fast-nolto,frame_total,2,557583.00,557583,557583,0.00,0.000000,132,1,8c4d9050,124
desmume,ds-thumb-fast-nolto,bench-nds-hw-thumb-fast-nolto,hit_test,2,2442.00,2442,2442,0.00,0.000000,0,1,d82df0ac,124
desmume,ds-thumb-fast-nolto,bench-nds-hw-thumb-fast-nolto,hit_test_heap_delta_bytes,2,0.00,0,0,0.00,0.000000,0,1,d82df0ac,124
desmume,ds-thumb-fast-nolto,bench-nds-hw-thumb-fast-nolto,hit_test_heap_fixed_pass,2,1.00,1,1,0.00,0.000000,0,1,d82df0ac,124
desmume,ds-thumb-fast-nolto,bench-nds-hw-thumb-fast-nolto,line_quads_rendered,2,22549.00,22549,22549,0.00,0.000000,0,1,8c4d9050,124
desmume,ds-thumb-fast-nolto,bench-nds-hw-thumb-fast-nolto,overall_pass,2,1.00,1,1,0.00,0.000000,0,1,8c4d9050,124
desmume,ds-thumb-fast-nolto,bench-nds-hw-thumb-fast-nolto,physics_step,2,384911.00,384911,384911,0.00,0.000000,0,1,8c4d9050,124
desmume,ds-thumb-fast-nolto,bench-nds-hw-thumb-fast-nolto,render_begin,2,1061.00,1061,1061,0.00,0.000000,0,1,8c4d9050,124
desmume,ds-thumb-fast-nolto,bench-nds-hw-thumb-fast-nolto,render_canvas,2,170602.00,170602,170602,0.00,0.000000,0,1,8c4d9050,124
desmume,ds-thumb-fast-nolto,bench-nds-hw-thumb-fast-nolto,render_end,2,129.00,129,129,0.00,0.000000,0,1,8c4d9050,124
desmume,ds-thumb-fast-nolto,bench-nds-hw-thumb-fast-nolto,render_frame,2,172123.00,172123,172123,0.00,0.000000,0,1,8c4d9050,124
desmume,ds-thumb-fast-nolto,bench-nds-hw-thumb-fast-nolto,scene_position_sum_x,2,2995.00,2995,2995,0.00,0.000000,0,1,d8635f64,124
desmume,ds-thumb-fast-nolto,bench-nds-hw-thumb-fast-nolto,scene_position_sum_y,2,1943.00,1943,1943,0.00,0.000000,0,1,d8635f64,124
desmume,ds-thumb-fast-nolto,bench-nds-hw-thumb-fast-nolto,scene_things_created,2,27.00,27,27,0.00,0.000000,0,1,d8635f64,124
desmume,ds-thumb-fast-nolto,bench-nds-hw-thumb-fast-nolto,things_final,2,27.00,27,27,0.00,0.000000,0,1,8c4d9050,124
desmume,ds-thumb-fast-nolto,bench-nds-hw-thumb-fast-nolto,timer_read_overhead_ticks,2,14.00,14,14,0.00,0.000000,0,1,00000000,124
desmume,ds-thumb-fast-nolto,bench-nds-hw-thumb-fast-nolto,touch_create_and_drag,2,11659.00,11659,11659,0.00,0.000000,0,1,d8635f64,124
desmume,ds-thumb-fast-nolto,bench-nds-hw-thumb-fast-nolto,visible_things_rendered,2,5166.00,5166,5166,0.00,0.000000,0,1,8c4d9050,124
desmume,gate,bench-nds-hw-arm-backport-gate,behavior_pass,2,1.00,1,1,0.00,0.000000,0,1,8c4d9050,124
desmume,gate,bench-nds-hw-arm-backport-gate,benchmark_started,2,1.00,1,1,0.00,0.000000,0,1,00000000,124
desmume,gate,bench-nds-hw-arm-backport-gate,file_output_ready,2,0.00,0,0,0.00,0.000000,0,1,00000000,124
desmume,gate,bench-nds-hw-arm-backport-gate,frame_over_1pct_count,2,0.00,0,0,0.00,0.000000,0,1,8c4d9050,124
desmume,gate,bench-nds-hw-arm-backport-gate,frame_over_2x_count,2,0.00,0,0,0.00,0.000000,0,1,8c4d9050,124
desmume,gate,bench-nds-hw-arm-backport-gate,frame_total,2,556080.00,556080,556080,0.00,0.000000,454,1,8c4d9050,124
desmume,gate,bench-nds-hw-arm-backport-gate,hit_test,2,1914.00,1914,1914,0.00,0.000000,0,1,d82df0ac,124
desmume,gate,bench-nds-hw-arm-backport-gate,hit_test_heap_delta_bytes,2,0.00,0,0,0.00,0.000000,0,1,d82df0ac,124
desmume,gate,bench-nds-hw-arm-backport-gate,hit_test_heap_fixed_pass,2,1.00,1,1,0.00,0.000000,0,1,d82df0ac,124
desmume,gate,bench-nds-hw-arm-backport-gate,line_quads_rendered,2,22549.00,22549,22549,0.00,0.000000,0,1,8c4d9050,124
desmume,gate,bench-nds-hw-arm-backport-gate,overall_pass,2,1.00,1,1,0.00,0.000000,0,1,8c4d9050,124
desmume,gate,bench-nds-hw-arm-backport-gate,physics_step,2,215643.00,215643,215643,0.00,0.000000,0,1,8c4d9050,124
desmume,gate,bench-nds-hw-arm-backport-gate,render_begin,2,991.00,991,991,0.00,0.000000,0,1,8c4d9050,124
desmume,gate,bench-nds-hw-arm-backport-gate,render_canvas,2,338350.00,338350,338350,0.00,0.000000,0,1,8c4d9050,124
desmume,gate,bench-nds-hw-arm-backport-gate,render_end,2,147.00,147,147,0.00,0.000000,0,1,8c4d9050,124
desmume,gate,bench-nds-hw-arm-backport-gate,render_frame,2,339830.00,339830,339830,0.00,0.000000,0,1,8c4d9050,124
desmume,gate,bench-nds-hw-arm-backport-gate,scene_position_sum_x,2,2995.00,2995,2995,0.00,0.000000,0,1,d8635f64,124
desmume,gate,bench-nds-hw-arm-backport-gate,scene_position_sum_y,2,1943.00,1943,1943,0.00,0.000000,0,1,d8635f64,124
desmume,gate,bench-nds-hw-arm-backport-gate,scene_things_created,2,27.00,27,27,0.00,0.000000,0,1,d8635f64,124
desmume,gate,bench-nds-hw-arm-backport-gate,things_final,2,27.00,27,27,0.00,0.000000,0,1,8c4d9050,124
desmume,gate,bench-nds-hw-arm-backport-gate,timer_read_overhead_ticks,2,13.00,13,13,0.00,0.000000,0,1,00000000,124
desmume,gate,bench-nds-hw-arm-backport-gate,touch_create_and_drag,2,10913.00,10913,10913,0.00,0.000000,0,1,d8635f64,124
desmume,gate,bench-nds-hw-arm-backport-gate,visible_things_rendered,2,5166.00,5166,5166,0.00,0.000000,0,1,8c4d9050,124
desmume,length,bench-nds-hw-arm-backport-length,behavior_pass,2,1.00,1,1,0.00,0.000000,0,1,8c4d9050,124
desmume,length,bench-nds-hw-arm-backport-length,benchmark_started,2,1.00,1,1,0.00,0.000000,0,1,00000000,124
desmume,length,bench-nds-hw-arm-backport-length,file_output_ready,2,0.00,0,0,0.00,0.000000,0,1,00000000,124
desmume,length,bench-nds-hw-arm-backport-length,frame_over_1pct_count,2,0.00,0,0,0.00,0.000000,0,1,8c4d9050,124
desmume,length,bench-nds-hw-arm-backport-length,frame_over_2x_count,2,0.00,0,0,0.00,0.000000,0,1,8c4d9050,124
desmume,length,bench-nds-hw-arm-backport-length,frame_total,2,556870.00,556870,556870,0.00,0.000000,456,1,8c4d9050,124
desmume,length,bench-nds-hw-arm-backport-length,hit_test,2,1792.00,1792,1792,0.00,0.000000,0,1,d82df0ac,124
desmume,length,bench-nds-hw-arm-backport-length,hit_test_heap_delta_bytes,2,0.00,0,0,0.00,0.000000,0,1,d82df0ac,124
desmume,length,bench-nds-hw-arm-backport-length,hit_test_heap_fixed_pass,2,1.00,1,1,0.00,0.000000,0,1,d82df0ac,124
desmume,length,bench-nds-hw-arm-backport-length,line_quads_rendered,2,22549.00,22549,22549,0.00,0.000000,0,1,8c4d9050,124
desmume,length,bench-nds-hw-arm-backport-length,overall_pass,2,1.00,1,1,0.00,0.000000,0,1,8c4d9050,124
desmume,length,bench-nds-hw-arm-backport-length,physics_step,2,193879.00,193879,193879,0.00,0.000000,0,1,8c4d9050,124
desmume,length,bench-nds-hw-arm-backport-length,render_begin,2,959.00,959,959,0.00,0.000000,0,1,8c4d9050,124
desmume,length,bench-nds-hw-arm-backport-length,render_canvas,2,360926.00,360926,360926,0.00,0.000000,0,1,8c4d9050,124
desmume,length,bench-nds-hw-arm-backport-length,render_end,2,157.00,157,157,0.00,0.000000,0,1,8c4d9050,124
desmume,length,bench-nds-hw-arm-backport-length,render_frame,2,362383.00,362383,362383,0.00,0.000000,0,1,8c4d9050,124
desmume,length,bench-nds-hw-arm-backport-length,scene_position_sum_x,2,2995.00,2995,2995,0.00,0.000000,0,1,d8635f64,124
desmume,length,bench-nds-hw-arm-backport-length,scene_position_sum_y,2,1943.00,1943,1943,0.00,0.000000,0,1,d8635f64,124
desmume,length,bench-nds-hw-arm-backport-length,scene_things_created,2,27.00,27,27,0.00,0.000000,0,1,d8635f64,124
desmume,length,bench-nds-hw-arm-backport-length,things_final,2,27.00,27,27,0.00,0.000000,0,1,8c4d9050,124
desmume,length,bench-nds-hw-arm-backport-length,timer_read_overhead_ticks,2,14.00,14,14,0.00,0.000000,0,1,00000000,124
desmume,length,bench-nds-hw-arm-backport-length,touch_create_and_drag,2,10381.00,10381,10381,0.00,0.000000,0,1,d8635f64,124
desmume,length,bench-nds-hw-arm-backport-length,visible_things_rendered,2,5166.00,5166,5166,0.00,0.000000,0,1,8c4d9050,124
desmume,physics-itcm,bench-nds-hw-arm-physics-itcm,behavior_pass,2,1.00,1,1,0.00,0.000000,0,1,8c4d9050,124
desmume,physics-itcm,bench-nds-hw-arm-physics-itcm,benchmark_started,2,1.00,1,1,0.00,0.000000,0,1,00000000,124
desmume,physics-itcm,bench-nds-hw-arm-physics-itcm,file_output_ready,2,0.00,0,0,0.00,0.000000,0,1,00000000,124
desmume,physics-itcm,bench-nds-hw-arm-physics-itcm,frame_over_1pct_count,2,0.00,0,0,0.00,0.000000,0,1,8c4d9050,124
desmume,physics-itcm,bench-nds-hw-arm-physics-itcm,frame_over_2x_count,2,0.00,0,0,0.00,0.000000,0,1,8c4d9050,124
desmume,physics-itcm,bench-nds-hw-arm-physics-itcm,frame_total,2,556589.00,556589,556589,0.00,0.000000,456,1,8c4d9050,124
desmume,physics-itcm,bench-nds-hw-arm-physics-itcm,hit_test,2,1821.00,1821,1821,0.00,0.000000,0,1,d82df0ac,124
desmume,physics-itcm,bench-nds-hw-arm-physics-itcm,hit_test_heap_delta_bytes,2,0.00,0,0,0.00,0.000000,0,1,d82df0ac,124
desmume,physics-itcm,bench-nds-hw-arm-physics-itcm,hit_test_heap_fixed_pass,2,1.00,1,1,0.00,0.000000,0,1,d82df0ac,124
desmume,physics-itcm,bench-nds-hw-arm-physics-itcm,line_quads_rendered,2,22549.00,22549,22549,0.00,0.000000,0,1,8c4d9050,124
desmume,physics-itcm,bench-nds-hw-arm-physics-itcm,overall_pass,2,1.00,1,1,0.00,0.000000,0,1,8c4d9050,124
desmume,physics-itcm,bench-nds-hw-arm-physics-itcm,physics_step,2,201829.00,201829,201829,0.00,0.000000,0,1,8c4d9050,124
desmume,physics-itcm,bench-nds-hw-arm-physics-itcm,render_begin,2,1018.00,1018,1018,0.00,0.000000,0,1,8c4d9050,124
desmume,physics-itcm,bench-nds-hw-arm-physics-itcm,render_canvas,2,352697.00,352697,352697,0.00,0.000000,0,1,8c4d9050,124
desmume,physics-itcm,bench-nds-hw-arm-physics-itcm,render_end,2,130.00,130,130,0.00,0.000000,0,1,8c4d9050,124
desmume,physics-itcm,bench-nds-hw-arm-physics-itcm,render_frame,2,354163.00,354163,354163,0.00,0.000000,0,1,8c4d9050,124
desmume,physics-itcm,bench-nds-hw-arm-physics-itcm,scene_position_sum_x,2,2995.00,2995,2995,0.00,0.000000,0,1,d8635f64,124
desmume,physics-itcm,bench-nds-hw-arm-physics-itcm,scene_position_sum_y,2,1943.00,1943,1943,0.00,0.000000,0,1,d8635f64,124
desmume,physics-itcm,bench-nds-hw-arm-physics-itcm,scene_things_created,2,27.00,27,27,0.00,0.000000,0,1,d8635f64,124
desmume,physics-itcm,bench-nds-hw-arm-physics-itcm,things_final,2,27.00,27,27,0.00,0.000000,0,1,8c4d9050,124
desmume,physics-itcm,bench-nds-hw-arm-physics-itcm,timer_read_overhead_ticks,2,14.00,14,14,0.00,0.000000,0,1,00000000,124
desmume,physics-itcm,bench-nds-hw-arm-physics-itcm,touch_create_and_drag,2,10982.00,10982,10982,0.00,0.000000,0,1,d8635f64,124
desmume,physics-itcm,bench-nds-hw-arm-physics-itcm,visible_things_rendered,2,5166.00,5166,5166,0.00,0.000000,0,1,8c4d9050,124
desmume,reciprocal,bench-nds-hw-arm-reciprocal,behavior_pass,2,1.00,1,1,0.00,0.000000,0,1,8c4d9050,124
desmume,reciprocal,bench-nds-hw-arm-reciprocal,benchmark_started,2,1.00,1,1,0.00,0.000000,0,1,00000000,124
desmume,reciprocal,bench-nds-hw-arm-reciprocal,file_output_ready,2,0.00,0,0,0.00,0.000000,0,1,00000000,124
desmume,reciprocal,bench-nds-hw-arm-reciprocal,frame_over_1pct_count,2,0.00,0,0,0.00,0.000000,0,1,8c4d9050,124
desmume,reciprocal,bench-nds-hw-arm-reciprocal,frame_over_2x_count,2,0.00,0,0,0.00,0.000000,0,1,8c4d9050,124
desmume,reciprocal,bench-nds-hw-arm-reciprocal,frame_total,2,556833.00,556833,556833,0.00,0.000000,456,1,8c4d9050,124
desmume,reciprocal,bench-nds-hw-arm-reciprocal,hit_test,2,1755.00,1755,1755,0.00,0.000000,0,1,d82df0ac,124
desmume,reciprocal,bench-nds-hw-arm-reciprocal,hit_test_heap_delta_bytes,2,0.00,0,0,0.00,0.000000,0,1,d82df0ac,124
desmume,reciprocal,bench-nds-hw-arm-reciprocal,hit_test_heap_fixed_pass,2,1.00,1,1,0.00,0.000000,0,1,d82df0ac,124
desmume,reciprocal,bench-nds-hw-arm-reciprocal,line_quads_rendered,2,22549.00,22549,22549,0.00,0.000000,0,1,8c4d9050,124
desmume,reciprocal,bench-nds-hw-arm-reciprocal,overall_pass,2,1.00,1,1,0.00,0.000000,0,1,8c4d9050,124
desmume,reciprocal,bench-nds-hw-arm-reciprocal,physics_step,2,219511.00,219511,219511,0.00,0.000000,0,1,8c4d9050,124
desmume,reciprocal,bench-nds-hw-arm-reciprocal,render_begin,2,989.00,989,989,0.00,0.000000,0,1,8c4d9050,124
desmume,reciprocal,bench-nds-hw-arm-reciprocal,render_canvas,2,335257.00,335257,335257,0.00,0.000000,0,1,8c4d9050,124
desmume,reciprocal,bench-nds-hw-arm-reciprocal,render_end,2,149.00,149,149,0.00,0.000000,0,1,8c4d9050,124
desmume,reciprocal,bench-nds-hw-arm-reciprocal,render_frame,2,336737.00,336737,336737,0.00,0.000000,0,1,8c4d9050,124
desmume,reciprocal,bench-nds-hw-arm-reciprocal,scene_position_sum_x,2,2995.00,2995,2995,0.00,0.000000,0,1,d8635f64,124
desmume,reciprocal,bench-nds-hw-arm-reciprocal,scene_position_sum_y,2,1943.00,1943,1943,0.00,0.000000,0,1,d8635f64,124
desmume,reciprocal,bench-nds-hw-arm-reciprocal,scene_things_created,2,27.00,27,27,0.00,0.000000,0,1,d8635f64,124
desmume,reciprocal,bench-nds-hw-arm-reciprocal,things_final,2,27.00,27,27,0.00,0.000000,0,1,8c4d9050,124
desmume,reciprocal,bench-nds-hw-arm-reciprocal,timer_read_overhead_ticks,2,13.00,13,13,0.00,0.000000,0,1,00000000,124
desmume,reciprocal,bench-nds-hw-arm-reciprocal,touch_create_and_drag,2,10808.00,10808,10808,0.00,0.000000,0,1,d8635f64,124
desmume,reciprocal,bench-nds-hw-arm-reciprocal,visible_things_rendered,2,5166.00,5166,5166,0.00,0.000000,0,1,8c4d9050,124
desmume,selected,bench-nds-hw-arm-combined-physics-itcm,behavior_pass,2,1.00,1,1,0.00,0.000000,0,1,8c4d9050,124
desmume,selected,bench-nds-hw-arm-combined-physics-itcm,benchmark_started,2,1.00,1,1,0.00,0.000000,0,1,00000000,124
desmume,selected,bench-nds-hw-arm-combined-physics-itcm,file_output_ready,2,0.00,0,0,0.00,0.000000,0,1,00000000,124
desmume,selected,bench-nds-hw-arm-combined-physics-itcm,frame_over_1pct_count,2,0.00,0,0,0.00,0.000000,0,1,8c4d9050,124
desmume,selected,bench-nds-hw-arm-combined-physics-itcm,frame_over_2x_count,2,0.00,0,0,0.00,0.000000,0,1,8c4d9050,124
desmume,selected,bench-nds-hw-arm-combined-physics-itcm,frame_total,2,556372.00,556372,556372,0.00,0.000000,456,1,8c4d9050,124
desmume,selected,bench-nds-hw-arm-combined-physics-itcm,hit_test,2,1857.00,1857,1857,0.00,0.000000,0,1,d82df0ac,124
desmume,selected,bench-nds-hw-arm-combined-physics-itcm,hit_test_heap_delta_bytes,2,0.00,0,0,0.00,0.000000,0,1,d82df0ac,124
desmume,selected,bench-nds-hw-arm-combined-physics-itcm,hit_test_heap_fixed_pass,2,1.00,1,1,0.00,0.000000,0,1,d82df0ac,124
desmume,selected,bench-nds-hw-arm-combined-physics-itcm,line_quads_rendered,2,22549.00,22549,22549,0.00,0.000000,0,1,8c4d9050,124
desmume,selected,bench-nds-hw-arm-combined-physics-itcm,overall_pass,2,1.00,1,1,0.00,0.000000,0,1,8c4d9050,124
desmume,selected,bench-nds-hw-arm-combined-physics-itcm,physics_step,2,181913.00,181913,181913,0.00,0.000000,0,1,8c4d9050,124
desmume,selected,bench-nds-hw-arm-combined-physics-itcm,render_begin,2,999.00,999,999,0.00,0.000000,0,1,8c4d9050,124
desmume,selected,bench-nds-hw-arm-combined-physics-itcm,render_canvas,2,372422.00,372422,372422,0.00,0.000000,0,1,8c4d9050,124
desmume,selected,bench-nds-hw-arm-combined-physics-itcm,render_end,2,83.00,83,83,0.00,0.000000,0,1,8c4d9050,124
desmume,selected,bench-nds-hw-arm-combined-physics-itcm,render_frame,2,373863.00,373863,373863,0.00,0.000000,0,1,8c4d9050,124
desmume,selected,bench-nds-hw-arm-combined-physics-itcm,scene_position_sum_x,2,2995.00,2995,2995,0.00,0.000000,0,1,d8635f64,124
desmume,selected,bench-nds-hw-arm-combined-physics-itcm,scene_position_sum_y,2,1943.00,1943,1943,0.00,0.000000,0,1,d8635f64,124
desmume,selected,bench-nds-hw-arm-combined-physics-itcm,scene_things_created,2,27.00,27,27,0.00,0.000000,0,1,d8635f64,124
desmume,selected,bench-nds-hw-arm-combined-physics-itcm,things_final,2,27.00,27,27,0.00,0.000000,0,1,8c4d9050,124
desmume,selected,bench-nds-hw-arm-combined-physics-itcm,timer_read_overhead_ticks,2,13.00,13,13,0.00,0.000000,0,1,00000000,124
desmume,selected,bench-nds-hw-arm-combined-physics-itcm,touch_create_and_drag,2,10259.00,10259,10259,0.00,0.000000,0,1,d8635f64,124
desmume,selected,bench-nds-hw-arm-combined-physics-itcm,visible_things_rendered,2,5166.00,5166,5166,0.00,0.000000,0,1,8c4d9050,124
desmume,software-control,bench-improved-lto,behavior_pass,2,1.00,1,1,0.00,0.000000,0,1,f49066a8,124
desmume,software-control,bench-improved-lto,benchmark_started,2,1.00,1,1,0.00,0.000000,0,1,00000000,124
desmume,software-control,bench-improved-lto,file_output_ready,2,0.00,0,0,0.00,0.000000,0,1,00000000,124
desmume,software-control,bench-improved-lto,frame_over_1pct_count,2,92.00,92,92,0.00,0.000000,0,0,f49066a8,124
desmume,software-control,bench-improved-lto,frame_over_2x_count,2,0.00,0,0,0.00,0.000000,0,1,f49066a8,124
desmume,software-control,bench-improved-lto,frame_total,2,657177.00,657177,657177,0.00,0.000000,440,1,f49066a8,124
desmume,software-control,bench-improved-lto,hit_test,2,1756.00,1756,1756,0.00,0.000000,0,1,d82df0ac,124
desmume,software-control,bench-improved-lto,hit_test_heap_delta_bytes,2,0.00,0,0,0.00,0.000000,0,1,d82df0ac,124
desmume,software-control,bench-improved-lto,hit_test_heap_fixed_pass,2,1.00,1,1,0.00,0.000000,0,1,d82df0ac,124
desmume,software-control,bench-improved-lto,line_quads_rendered,2,22488.00,22488,22488,0.00,0.000000,0,1,f49066a8,124
desmume,software-control,bench-improved-lto,overall_pass,2,1.00,1,1,0.00,0.000000,0,1,f49066a8,124
desmume,software-control,bench-improved-lto,physics_step,2,539349.00,539349,539349,0.00,0.000000,168,1,f49066a8,124
desmume,software-control,bench-improved-lto,render_begin,2,1024.00,1024,1024,0.00,0.000000,0,1,f49066a8,124
desmume,software-control,bench-improved-lto,render_canvas,2,115716.00,115716,115716,0.00,0.000000,0,1,f49066a8,124
desmume,software-control,bench-improved-lto,render_end,2,148.00,148,148,0.00,0.000000,0,1,f49066a8,124
desmume,software-control,bench-improved-lto,render_frame,2,117228.00,117228,117228,0.00,0.000000,0,1,f49066a8,124
desmume,software-control,bench-improved-lto,scene_position_sum_x,2,2995.00,2995,2995,0.00,0.000000,0,1,d8635f64,124
desmume,software-control,bench-improved-lto,scene_position_sum_y,2,1943.00,1943,1943,0.00,0.000000,0,1,d8635f64,124
desmume,software-control,bench-improved-lto,scene_things_created,2,27.00,27,27,0.00,0.000000,0,1,d8635f64,124
desmume,software-control,bench-improved-lto,things_final,2,27.00,27,27,0.00,0.000000,0,1,f49066a8,124
desmume,software-control,bench-improved-lto,timer_read_overhead_ticks,2,14.00,14,14,0.00,0.000000,0,1,00000000,124
desmume,software-control,bench-improved-lto,touch_create_and_drag,2,13350.00,13350,13350,0.00,0.000000,0,1,d8635f64,124
desmume,software-control,bench-improved-lto,visible_things_rendered,2,5152.00,5152,5152,0.00,0.000000,0,1,f49066a8,124
