PPBENCH,bench-improved,benchmark_started,1,1,1,1,1,0,0,00000000,1
PPBENCH,bench-improved,file_output_ready,1,0,0,0,0,0,0,00000000,1
PPBENCH,bench-improved,timer_read_overhead_ticks,1,14,14,14,14,0,0,00000000,1
PPBENCH,bench-improved,scene_things_created,1,27,27,27,27,0,0,d8635f64,1
PPBENCH,bench-improved,scene_position_sum_x,1,2995,2995,2995,2995,0,0,d8635f64,1
PPBENCH,bench-improved,scene_position_sum_y,1,1943,1943,1943,1943,0,0,d8635f64,1
PPBENCH,bench-improved,hit_test_heap_delta_bytes,1,0,0,0,0,0,0,d82df0ac,1
PPBENCH,bench-improved,touch_create_and_drag,225,1402648,6233,28,96255,0,0,d8635f64,1
PPBENCH,bench-improved,hit_test,600,904488,1507,1173,2893,0,0,d82df0ac,1
PPBENCH,bench-improved,physics_step,240,26740895,111420,84750,163783,558566,0,8c4d9050,1
PPBENCH,bench-improved,render_frame,240,106910047,445458,34542,474887,558566,0,8c4d9050,1
PPBENCH,bench-improved,render_begin,240,127200,530,530,530,558566,0,8c4d9050,1
PPBENCH,bench-improved,render_canvas,240,106755247,444813,33897,474242,558566,0,8c4d9050,1
PPBENCH,bench-improved,render_end,240,8400,35,35,35,558566,0,8c4d9050,1
PPBENCH,bench-improved,frame_total,240,133686158,557025,122158,559845,558566,231,8c4d9050,1
PPBENCH,bench-improved,frame_over_1pct_count,1,0,0,0,0,0,0,8c4d9050,1
PPBENCH,bench-improved,frame_over_2x_count,1,0,0,0,0,0,0,8c4d9050,1
PPBENCH,bench-improved,visible_things_rendered,1,5166,5166,5166,5166,0,0,8c4d9050,1
PPBENCH,bench-improved,line_quads_rendered,1,22549,22549,22549,22549,0,0,8c4d9050,1
PPBENCH,bench-improved,things_final,1,27,27,27,27,0,0,8c4d9050,1
PPBENCH,bench-improved,behavior_pass,1,1,1,1,1,0,0,8c4d9050,1
PPBENCH,bench-improved,hit_test_heap_fixed_pass,1,1,1,1,1,0,0,d82df0ac,1
PPBENCH,bench-improved,overall_pass,1,1,1,1,1,0,0,8c4d9050,1
