kind,name,version_or_revision,url,sha256,consumer
release-archive,Pocket Physics public archive,v0.6,https://dlhb.gamebrew.org/dshomebrew2/pocketphysics.zip,953c950217b14610039338918d4849f9ba5ab2ef44b9c92bb902296e5961cfb6,extract_release_v06.sh
release-archive-mirror,Pocket Physics preservation mirror,v0.6,https://github.com/lpla/pocketphysics/releases/download/historical-input-v0.6/pocketphysics-gamebrew.zip,953c950217b14610039338918d4849f9ba5ab2ef44b9c92bb902296e5961cfb6,extract_release_v06.sh
release-rom,pocketphysics.nds,v0.6,archive:PocketPhysics-v0.6/pocketphysics.nds,9e0f44b5bc817ea0c91ab889abcbc64c0f09f2439208679f67542a77bce4de64,build_v06_repack_control.sh
release-rom,pocketphysics_nothumb.nds,v0.6,archive:PocketPhysics-v0.6/pocketphysics_nothumb.nds,64a15ff6c0e0e7235dd716833d68f8adaa9043afc867f5b6523d9c73750e586a,extract_release_v06.sh
legacy-sdk,devkitPro Linux SDK,2007-05-03,https://www.libsdl.org/extras/nds/devkitPro-20070503-linux.tar.gz,5b4443f1656fd0bc2a040f31b1e275b6783dac9f75153d714145699bc94e0ec9,build_v06_exact.sh
legacy-toolchain,devkitARM,r21,https://wii.leseratte10.de/devkitPro/devkitARM/r21%20(2007)/14943_devkitARM_r21linux.tar.bz2,7a3e1ab1c7d3f3a98389f3bd78ad52826fe65b2d869c3b1f187c068b989ae203,build_v06_exact.sh and build_v06_repack_control.sh
source-archive,libnds,df7b1022bfb7dc34b34d2d77b2050b0999e7ccfb,https://github.com/devkitPro/libnds/archive/df7b1022bfb7dc34b34d2d77b2050b0999e7ccfb.tar.gz,bdf7639b54acd9a8354b20a2a232493472229f182a471f1b51c1ae93ba222d2b,build_v06_exact.sh
source-archive,zlib,1.2.3,https://zlib.net/fossils/zlib-1.2.3.tar.gz,1795c7d067a43174113fdf03447532f373e1c6c57c08d61d9e4e9be5e244b05e,build_v06_exact.sh
source-archive,libpng,1.2.8,https://codeload.github.com/pnggroup/libpng/tar.gz/refs/tags/v1.2.8,d3a07a78927fa23ca8bd8c13938011e0d92b6736207e3efd093a86edcde8fc02,build_v06_exact.sh
source-archive,newlib,1.15.0,https://sourceware.org/pub/newlib/newlib-1.15.0.tar.gz,c4496102d38c59d1a47ddd5481af35caa1f65b76e2a94d9607737e17fd9e4465,build_v06_exact.sh
source-archive,GCC core,4.1.2,https://ftp.gnu.org/gnu/gcc/gcc-4.1.2/gcc-core-4.1.2.tar.bz2,7be9c5df8000ae35d0928f0a254bfb5e8478cad5e5e57fd07820530c03b3711d,build_v06_exact.sh
source-archive,GCC C++,4.1.2,https://ftp.gnu.org/gnu/gcc/gcc-4.1.2/gcc-g++-4.1.2.tar.bz2,0c06aa415f10679bc334f4627242e2b383387d0d44930da2922028dbd98fa2e2,build_v06_exact.sh
source-archive,devkitPro runtime producer,8007fd4bcb992f8aa9376331104d8bc8d3c7cf45,https://codeload.github.com/devkitPro/buildscripts/tar.gz/8007fd4bcb992f8aa9376331104d8bc8d3c7cf45,d79a537f25a5a4c3914aae65661bc15475db6e9a34383eef720b10bdfb54ee22,build_v06_exact.sh
source-archive,Box2D,2.0.1+dfsg1,https://snapshot.debian.org/file/868397d39d1a842b252454ba44c475cd2eb14d49,ff35fa514b6a7bcdfd1d83c499d57cdd4dfec7adb1b42aeaeb8dbedfb069fdb0,build_v06_blocksds.sh
source-reference,Box2D contact solver,r134,https://svn.code.sf.net/p/box2d/code/!svn/bc/134/Source/Dynamics/Contacts/b2ContactSolver.cpp,a1b895e2aa6c65b1d5cd3c840f4eec7f9dc6cc1a4e2d4e920f9aef937c6ee66b,docs/contact-source-recovery.md; comparison reference not a build input
source-archive,TinyXML,2.6.2,https://snapshot.debian.org/file/cba3f50dd657cb1434674a03b21394df9913d764,15bdfdcec58a7da30adc87ac2b078e4417dbe5392f3afb719f9ba6d062645593,build_v06_blocksds.sh
source-file,ConvexDecomposition b2Polygon.cpp,893e0d71a0fbffdbb3ccbd61c166311525be5ada,https://raw.githubusercontent.com/91Act/box2d_fixed/893e0d71a0fbffdbb3ccbd61c166311525be5ada/Contributions/Utilities/ConvexDecomposition/b2Polygon.cpp,a0f64105be21e827b48dc14a084bcde21fb8c5f88cbe3e683256118f778ad490,build_v06_blocksds.sh
source-file,ConvexDecomposition b2Polygon.h,893e0d71a0fbffdbb3ccbd61c166311525be5ada,https://raw.githubusercontent.com/91Act/box2d_fixed/893e0d71a0fbffdbb3ccbd61c166311525be5ada/Contributions/Utilities/ConvexDecomposition/b2Polygon.h,215bf5f4217f8fa50a900dff339a905cf086356440844cb0d8787586e1e3d5e8,build_v06_blocksds.sh
source-file,ConvexDecomposition b2Triangle.cpp,893e0d71a0fbffdbb3ccbd61c166311525be5ada,https://raw.githubusercontent.com/91Act/box2d_fixed/893e0d71a0fbffdbb3ccbd61c166311525be5ada/Contributions/Utilities/ConvexDecomposition/b2Triangle.cpp,fa8896a7b252cb233502a9698ca6a706a717d4ad5a62b17bad9f6a67ae8b03ee,build_v06_blocksds.sh
source-file,ConvexDecomposition b2Triangle.h,893e0d71a0fbffdbb3ccbd61c166311525be5ada,https://raw.githubusercontent.com/91Act/box2d_fixed/893e0d71a0fbffdbb3ccbd61c166311525be5ada/Contributions/Utilities/ConvexDecomposition/b2Triangle.h,689bd29eea223e6f73365f1b46456fd55d5313d3959b6baeff60cd3d54626bf1,build_v06_blocksds.sh
container-image,BlocksDS,rolling image snapshot,docker://skylyrac/blocksds,67f6bf754734018e2f6e97b35f6a83f818a4690aa1c2abe86a07042ce9c36ce8,build_v06_blocksds.sh
package,blocksds-toolchain,1.21.1-1,https://blocksds.skylyrac.net/packages/rolling/linux/x86_64/blocksds-toolchain-1.21.1-1-x86_64.pkg.tar.xz,2fff228c254aa6b286a59ddabba5984da7b6942e394e7a692022ec0393975bfa,build_v06_blocksds.sh
package-mirror,blocksds-toolchain,1.21.1-1,https://github.com/lpla/pocketphysics/releases/download/reproducibility-inputs-v1/blocksds-toolchain-1.21.1-1-x86_64.pkg.tar.xz,2fff228c254aa6b286a59ddabba5984da7b6942e394e7a692022ec0393975bfa,build_v06_blocksds.sh
source-companion,BlocksDS SDK with submodules,v1.21.1,https://github.com/lpla/pocketphysics/releases/download/reproducibility-inputs-v1/blocksds-sdk-v1.21.1-source.tar.gz,7001b7124acf1be1f9034612f177c0671a899588a653561bd1b5725c1b68b21e,Preserved source companion; not a Pocket Physics build input
source-companion,BlocksDS package recipe,7d261a358469ff430be14ee271b75422ae3e9da7,https://github.com/lpla/pocketphysics/releases/download/reproducibility-inputs-v1/blocksds-toolchain-1.21.1.PKGBUILD,770d1c9844a8c6f17b40bd5d694c8ac9bb05fe3b5895afaca400e74b242293cc,Preserved source companion; not a Pocket Physics build input
package,blocksds-ulibrary,1.14-1,https://blocksds.skylyrac.net/packages/rolling/linux/x86_64/blocksds-ulibrary-1.14-1-any.pkg.tar.xz,6722ca01f80df946cd952f49bb50eb9d115ee1d56a2ddd525dd91de6c499d39f,build_v06_blocksds.sh
package-mirror,blocksds-ulibrary,1.14-1,https://github.com/lpla/pocketphysics/releases/download/reproducibility-inputs-v1/blocksds-ulibrary-1.14-1-any.pkg.tar.xz,6722ca01f80df946cd952f49bb50eb9d115ee1d56a2ddd525dd91de6c499d39f,build_v06_blocksds.sh
source-companion,uLibrary,v1.14,https://github.com/lpla/pocketphysics/releases/download/reproducibility-inputs-v1/ulibrary-v1.14-source.tar.gz,ead577e5cfc7770e2664da0dbed511286e1ac296dfd2e1e3ec75087bc37df16c,Preserved source companion; not a Pocket Physics build input
source-companion,uLibrary package recipe,7d261a358469ff430be14ee271b75422ae3e9da7,https://github.com/lpla/pocketphysics/releases/download/reproducibility-inputs-v1/blocksds-ulibrary-1.14.PKGBUILD,85d71396f760d6d85547744623b5b89cba5364f673ce65c6e8eee959c967b3fc,Preserved source companion; not a Pocket Physics build input
package,libpng,1.6.58-1,https://wonderful.asie.pl/packages/rolling/linux/x86_64/toolchain-gcc-arm-none-eabi-libpng16-1.6.58-1-any.pkg.tar.xz,0d30a305b66f352fa632104b17941eb45edc2275bd2fdf2a796c4d905a09b250,build_v06_blocksds.sh
package,zlib,1.3.2-1,https://wonderful.asie.pl/packages/rolling/linux/x86_64/toolchain-gcc-arm-none-eabi-zlib-1.3.2-1-any.pkg.tar.xz,3c81569d924f2f455207320c0abec99261891d9bb5f105bce56c54afaa3f89f5,build_v06_blocksds.sh
container-image,Debian bookworm-slim,12.14,docker://debian:bookworm-slim,0104b334637a5f19aa9c983a91b54c89887c0984081f2068983107a6f6c21eeb,all runtime Dockerfiles
apt-snapshot,Debian archive,20260709T000000Z,http://snapshot.debian.org/archive/debian/20260709T000000Z,,exact/Dockerfile
apt-snapshot,Debian security archive,20260709T000000Z,http://snapshot.debian.org/archive/debian-security/20260709T000000Z,,exact/Dockerfile
apt-snapshot,Debian archive,20250721T000000Z,http://snapshot.debian.org/archive/debian/20250721T000000Z,,emulator Dockerfiles
apt-snapshot,Debian security archive,20250721T000000Z,http://snapshot.debian.org/archive/debian-security/20250721T000000Z,,emulator Dockerfiles
emulator,melonDS AppImage,1.1,https://github.com/melonDS-emu/melonDS/releases/download/1.1/melonDS-1.1-appimage-x86_64.zip,bf377420a2e95f2cd2cdda17d5372b51c2534f858b038db9ec6d129554875124,emulators/melonds/Dockerfile
emulator,DeSmuME Debian package,0.9.11-4.1,apt:desmume,,emulators/desmume/Dockerfile
tracked-input,ppicon.bmp,repository blob,repo:ppicon.bmp,4864eb659ace646569d817c5af4a392dd02d451a35cfaf0bbd75fea6573db1b9,build_v06_exact.sh and build_v06_repack_control.sh
