PPBENCH,bench-modern,benchmark_started,1,1,1,1,1,0,0,00000000,1
PPBENCH,bench-modern,file_output_ready,1,0,0,0,0,0,0,00000000,1
PPBENCH,bench-modern,timer_read_overhead_ticks,1,14,14,14,14,0,0,00000000,1
PPBENCH,bench-modern,scene_things_created,1,27,27,27,27,0,0,d8635f64,1
PPBENCH,bench-modern,scene_position_sum_x,1,3021,3021,3021,3021,0,0,d8635f64,1
PPBENCH,bench-modern,scene_position_sum_y,1,1969,1969,1969,1969,0,0,d8635f64,1
PPBENCH,bench-modern,hit_test_heap_delta_bytes,1,14400,14400,14400,14400,0,0,14c85783,0
PPBENCH,bench-modern,touch_create_and_drag,225,2764542,12286,40,214526,0,0,d8635f64,0
PPBENCH,bench-modern,hit_test,600,1809356,3015,2452,4950,0,0,14c85783,0
PPBENCH,bench-modern,physics_step,240,140299020,584579,161139,1441205,558566,102,240ed10b,0
PPBENCH,bench-modern,render_frame,240,76702237,319592,174613,397864,558566,0,240ed10b,0
PPBENCH,bench-modern,render_begin,240,128160,534,534,534,558566,0,240ed10b,0
PPBENCH,bench-modern,render_canvas,240,76544256,318934,173960,397206,558566,0,240ed10b,0
PPBENCH,bench-modern,render_end,240,8160,34,34,34,558566,0,240ed10b,0
PPBENCH,bench-modern,frame_total,240,217043948,904349,504755,1700719,558566,226,240ed10b,0
PPBENCH,bench-modern,frame_over_1pct_count,1,102,102,102,102,0,0,240ed10b,0
PPBENCH,bench-modern,frame_over_2x_count,1,87,87,87,87,0,0,240ed10b,0
PPBENCH,bench-modern,visible_things_rendered,1,5153,5153,5153,5153,0,0,240ed10b,1
PPBENCH,bench-modern,line_quads_rendered,1,22488,22488,22488,22488,0,0,240ed10b,1
PPBENCH,bench-modern,things_final,1,27,27,27,27,0,0,240ed10b,0
PPBENCH,bench-modern,behavior_pass,1,1,1,1,1,0,0,240ed10b,1
PPBENCH,bench-modern,hit_test_heap_fixed_pass,1,0,0,0,0,0,0,14c85783,0
PPBENCH,bench-modern,overall_pass,1,0,0,0,0,0,0,240ed10b,0
