PPBENCH,bench-historical,benchmark_started,1,1,1,1,1,0,0,00000000,1
PPBENCH,bench-historical,file_output_ready,1,0,0,0,0,0,0,00000000,1
PPBENCH,bench-historical,timer_read_overhead_ticks,1,32,32,32,32,0,0,00000000,1
PPBENCH,bench-historical,scene_things_created,1,27,27,27,27,0,0,d8635f64,1
PPBENCH,bench-historical,scene_position_sum_x,1,2996,2996,2996,2996,0,0,d8635f64,1
PPBENCH,bench-historical,scene_position_sum_y,1,1944,1944,1944,1944,0,0,d8635f64,1
PPBENCH,bench-historical,hit_test_heap_delta_bytes,1,14400,14400,14400,14400,0,0,d82df0ac,0
PPBENCH,bench-historical,touch_create_and_drag,225,1231071,5471,155,89066,0,0,d8635f64,0
PPBENCH,bench-historical,hit_test,600,1683049,2805,2089,3507,0,0,d82df0ac,0
PPBENCH,bench-historical,physics_step,240,66934347,278893,203326,438071,558566,0,dc1b8ba7,0
PPBENCH,bench-historical,render_frame,240,66135063,275562,99739,354116,558566,0,dc1b8ba7,0
PPBENCH,bench-historical,render_begin,240,190800,795,795,795,558566,0,dc1b8ba7,0
PPBENCH,bench-historical,render_canvas,240,65894606,274560,98739,353115,558566,0,dc1b8ba7,0
PPBENCH,bench-historical,render_end,240,13200,55,55,55,558566,0,dc1b8ba7,0
PPBENCH,bench-historical,frame_total,240,133159165,554829,325892,558160,558566,0,dc1b8ba7,0
PPBENCH,bench-historical,frame_over_1pct_count,1,0,0,0,0,0,0,dc1b8ba7,1
PPBENCH,bench-historical,frame_over_2x_count,1,0,0,0,0,0,0,dc1b8ba7,1
PPBENCH,bench-historical,visible_things_rendered,1,5070,5070,5070,5070,0,0,dc1b8ba7,1
PPBENCH,bench-historical,line_quads_rendered,1,22183,22183,22183,22183,0,0,dc1b8ba7,1
PPBENCH,bench-historical,things_final,1,27,27,27,27,0,0,dc1b8ba7,0
PPBENCH,bench-historical,behavior_pass,1,1,1,1,1,0,0,dc1b8ba7,1
PPBENCH,bench-historical,hit_test_heap_fixed_pass,1,0,0,0,0,0,0,d82df0ac,0
PPBENCH,bench-historical,overall_pass,1,0,0,0,0,0,0,dc1b8ba7,0
