PPBENCH,bench-nds-hw-arm-wide-gate,benchmark_started,1,1,1,1,1,0,0,00000000,1
PPBENCH,bench-nds-hw-arm-wide-gate,file_output_ready,1,0,0,0,0,0,0,00000000,1
PPBENCH,bench-nds-hw-arm-wide-gate,timer_read_overhead_ticks,1,13,13,13,13,0,0,00000000,1
PPBENCH,bench-nds-hw-arm-wide-gate,scene_things_created,1,27,27,27,27,0,0,d8635f64,1
PPBENCH,bench-nds-hw-arm-wide-gate,scene_position_sum_x,1,2995,2995,2995,2995,0,0,d8635f64,1
PPBENCH,bench-nds-hw-arm-wide-gate,scene_position_sum_y,1,1943,1943,1943,1943,0,0,d8635f64,1
PPBENCH,bench-nds-hw-arm-wide-gate,hit_test_heap_delta_bytes,1,0,0,0,0,0,0,d82df0ac,1
PPBENCH,bench-nds-hw-arm-wide-gate,touch_create_and_drag,225,1391732,6185,28,95461,0,0,d8635f64,1
PPBENCH,bench-nds-hw-arm-wide-gate,hit_test,600,934889,1558,1214,2994,0,0,d82df0ac,1
PPBENCH,bench-nds-hw-arm-wide-gate,physics_step,240,26728423,111368,84821,163594,558566,0,8c4d9050,1
PPBENCH,bench-nds-hw-arm-wide-gate,render_frame,240,106877356,445322,34499,474752,558566,0,8c4d9050,1
PPBENCH,bench-nds-hw-arm-wide-gate,render_begin,240,126361,526,526,527,558566,0,8c4d9050,1
PPBENCH,bench-nds-hw-arm-wide-gate,render_canvas,240,106723635,444681,33858,474112,558566,0,8c4d9050,1
PPBENCH,bench-nds-hw-arm-wide-gate,render_end,240,8400,35,35,35,558566,0,8c4d9050,1
PPBENCH,bench-nds-hw-arm-wide-gate,frame_total,240,133640030,556833,122209,559810,558566,230,8c4d9050,1
PPBENCH,bench-nds-hw-arm-wide-gate,frame_over_1pct_count,1,0,0,0,0,0,0,8c4d9050,1
PPBENCH,bench-nds-hw-arm-wide-gate,frame_over_2x_count,1,0,0,0,0,0,0,8c4d9050,1
PPBENCH,bench-nds-hw-arm-wide-gate,visible_things_rendered,1,5166,5166,5166,5166,0,0,8c4d9050,1
PPBENCH,bench-nds-hw-arm-wide-gate,line_quads_rendered,1,22549,22549,22549,22549,0,0,8c4d9050,1
PPBENCH,bench-nds-hw-arm-wide-gate,things_final,1,27,27,27,27,0,0,8c4d9050,1
PPBENCH,bench-nds-hw-arm-wide-gate,behavior_pass,1,1,1,1,1,0,0,8c4d9050,1
PPBENCH,bench-nds-hw-arm-wide-gate,hit_test_heap_fixed_pass,1,1,1,1,1,0,0,d82df0ac,1
PPBENCH,bench-nds-hw-arm-wide-gate,overall_pass,1,1,1,1,1,0,0,8c4d9050,1
PPBENCH,bench-nds-hw-arm-wide-gate,gate_total,1,4148,4148,4148,4148,0,0,8c4d9050,1
PPBENCH,bench-nds-hw-arm-wide-gate,gate_half_eligible,1,4148,4148,4148,4148,0,0,8c4d9050,1
PPBENCH,bench-nds-hw-arm-wide-gate,gate_wide_only_eligible,1,0,0,0,0,0,0,8c4d9050,1
PPBENCH,bench-nds-hw-arm-wide-gate,gate_length_required,1,0,0,0,0,0,0,8c4d9050,1
